spellId,spellName,dest,t,subevent,token
382889,Flurry,Wickedstorm,296336.713,SPELL_AURA_APPLIED,spell:382889
262652,Forceful Winds,Wickedstorm,296336.713,SPELL_AURA_APPLIED,spell:262652
17364,Stormstrike,Training Dummy,296336.713,SPELL_CAST_SUCCESS,spell:17364
470466,Stormblast,Wickedstorm,296335.046,SPELL_AURA_APPLIED,spell:470466
201846,Stormsurge,Wickedstorm,296335.046,SPELL_AURA_APPLIED,spell:201846
344179,Maelstrom Weapon,Wickedstorm,296335.046,SPELL_AURA_APPLIED,spell:344179
17364,Stormstrike,Training Dummy,296335.046,SPELL_CAST_SUCCESS,spell:17364
197209,Lightning Rod,Training Dummy,296333.763,SPELL_AURA_APPLIED,spell:197209
454025,Electroshock,Wickedstorm,296333.663,SPELL_AURA_APPLIED,spell:454025
384451,Legacy of the Frost Witch,Wickedstorm,296333.663,SPELL_AURA_APPLIED,spell:384451
452201,Tempest,Training Dummy,296333.663,SPELL_CAST_SUCCESS,spell:452201
470532,Arc Discharge,Wickedstorm,296333.663,SPELL_AURA_APPLIED,spell:470532
455089,Storm Swell,Wickedstorm,296333.663,SPELL_AURA_APPLIED,spell:455089
470466,Stormblast,Wickedstorm,296333.547,SPELL_AURA_APPLIED,spell:470466
201846,Stormsurge,Wickedstorm,296333.547,SPELL_AURA_APPLIED,spell:201846
462131,Awakening Storms,Wickedstorm,296332.08,SPELL_AURA_APPLIED,spell:462131
17364,Stormstrike,Training Dummy,296332.08,SPELL_CAST_SUCCESS,spell:17364
187874,Crash Lightning,,296330.713,SPELL_CAST_SUCCESS,spell:187874
470466,Stormblast,Wickedstorm,296329.663,SPELL_AURA_APPLIED,spell:470466
201846,Stormsurge,Wickedstorm,296329.663,SPELL_AURA_APPLIED,spell:201846
17364,Stormstrike,Training Dummy,296329.263,SPELL_CAST_SUCCESS,spell:17364
17364,Stormstrike,Training Dummy,296327.98,SPELL_CAST_SUCCESS,spell:17364
382889,Flurry,Wickedstorm,296327.863,SPELL_AURA_APPLIED,spell:382889
469270,Doom Winds,,296327.48,SPELL_CAST_SUCCESS,spell:469270
33697,Blood Fury,,296326.713,SPELL_CAST_SUCCESS,spell:33697
33697,Blood Fury,Wickedstorm,296326.713,SPELL_AURA_APPLIED,spell:33697
344179,Maelstrom Weapon,Wickedstorm,296326.563,SPELL_AURA_APPLIED,spell:344179
469270,Doom Winds,,296326.463,SPELL_CAST_SUCCESS,spell:469270
454015,Tempest,Wickedstorm,296325.563,SPELL_AURA_APPLIED,spell:454015
469270,Doom Winds,,296325.413,SPELL_CAST_SUCCESS,spell:469270
334196,Hailstorm,Wickedstorm,296325.313,SPELL_AURA_APPLIED,spell:334196
454015,Tempest,Wickedstorm,296325.313,SPELL_AURA_APPLIED,spell:454015
466469,Ice Strike,Wickedstorm,296325.213,SPELL_AURA_APPLIED,spell:466469
454394,Unlimited Power,Wickedstorm,296325.213,SPELL_AURA_APPLIED,spell:454394
188196,Lightning Bolt,Training Dummy,296325.213,SPELL_CAST_SUCCESS,spell:188196
469270,Doom Winds,,296324.413,SPELL_CAST_SUCCESS,spell:469270
344179,Maelstrom Weapon,Wickedstorm,296323.947,SPELL_AURA_APPLIED,spell:344179
454025,Electroshock,Wickedstorm,296323.847,SPELL_AURA_APPLIED,spell:454025
384451,Legacy of the Frost Witch,Wickedstorm,296323.847,SPELL_AURA_APPLIED,spell:384451
452201,Tempest,Training Dummy,296323.847,SPELL_CAST_SUCCESS,spell:452201
470532,Arc Discharge,Wickedstorm,296323.847,SPELL_AURA_APPLIED,spell:470532
455089,Storm Swell,Wickedstorm,296323.847,SPELL_AURA_APPLIED,spell:455089
469270,Doom Winds,,296323.463,SPELL_CAST_SUCCESS,spell:469270
470466,Stormblast,Wickedstorm,296322.93,SPELL_AURA_APPLIED,spell:470466
201846,Stormsurge,Wickedstorm,296322.93,SPELL_AURA_APPLIED,spell:201846
17364,Stormstrike,Training Dummy,296322.713,SPELL_CAST_SUCCESS,spell:17364
469270,Doom Winds,,296322.463,SPELL_CAST_SUCCESS,spell:469270
470466,Stormblast,Wickedstorm,296321.547,SPELL_AURA_APPLIED,spell:470466
201846,Stormsurge,Wickedstorm,296321.547,SPELL_AURA_APPLIED,spell:201846
17364,Stormstrike,Training Dummy,296321.547,SPELL_CAST_SUCCESS,spell:17364
469270,Doom Winds,,296321.447,SPELL_CAST_SUCCESS,spell:469270
454015,Tempest,Wickedstorm,296321.013,SPELL_AURA_APPLIED,spell:454015
382889,Flurry,Wickedstorm,296320.53,SPELL_AURA_APPLIED,spell:382889
17364,Stormstrike,Training Dummy,296320.43,SPELL_CAST_SUCCESS,spell:17364
469270,Doom Winds,,296320.43,SPELL_CAST_SUCCESS,spell:469270
262652,Forceful Winds,Wickedstorm,296319.547,SPELL_AURA_APPLIED,spell:262652
466772,Doom Winds,Wickedstorm,296319.447,SPELL_AURA_APPLIED,spell:466772
384352,Doom Winds,,296319.447,SPELL_CAST_SUCCESS,spell:384352
382889,Flurry,Wickedstorm,296318.763,SPELL_AURA_APPLIED,spell:382889
345228,Gladiator's Badge,,296318.646,SPELL_CAST_SUCCESS,spell:345228
345228,Gladiator's Badge,Wickedstorm,296318.646,SPELL_AURA_APPLIED,spell:345228
344179,Maelstrom Weapon,Wickedstorm,296318.23,SPELL_AURA_APPLIED,spell:344179
188196,Lightning Bolt,Training Dummy,296317.947,SPELL_CAST_SUCCESS,spell:188196
188196,Lightning Bolt,,296316.58,SPELL_CAST_START,spell:188196
188196,Lightning Bolt,Training Dummy,296315.38,SPELL_CAST_SUCCESS,spell:188196
382889,Flurry,Wickedstorm,296314.914,SPELL_AURA_APPLIED,spell:382889
188196,Lightning Bolt,,296314.78,SPELL_CAST_START,spell:188196
204361,Bloodlust,Wickedstorm,296313.93,SPELL_CAST_SUCCESS,spell:204361
204361,Bloodlust,Wickedstorm,296313.93,SPELL_AURA_APPLIED,spell:204361
344179,Maelstrom Weapon,Wickedstorm,296312.296,SPELL_AURA_APPLIED,spell:344179
334196,Hailstorm,Wickedstorm,296310.663,SPELL_AURA_APPLIED,spell:334196
382889,Flurry,Wickedstorm,296310.563,SPELL_AURA_APPLIED,spell:382889
466469,Ice Strike,Wickedstorm,296310.563,SPELL_AURA_APPLIED,spell:466469
188196,Lightning Bolt,Training Dummy,296310.563,SPELL_CAST_SUCCESS,spell:188196
344179,Maelstrom Weapon,Wickedstorm,296309.314,SPELL_AURA_APPLIED,spell:344179
454025,Electroshock,Wickedstorm,296309.18,SPELL_AURA_APPLIED,spell:454025
334196,Hailstorm,Wickedstorm,296309.18,SPELL_AURA_APPLIED,spell:334196
454394,Unlimited Power,Wickedstorm,296309.18,SPELL_AURA_APPLIED,spell:454394
452201,Tempest,Training Dummy,296309.18,SPELL_CAST_SUCCESS,spell:452201
470532,Arc Discharge,Wickedstorm,296309.18,SPELL_AURA_APPLIED,spell:470532
455089,Storm Swell,Wickedstorm,296309.18,SPELL_AURA_APPLIED,spell:455089
196840,Frost Shock,Training Dummy,296307.83,SPELL_AURA_APPLIED,spell:196840
196840,Frost Shock,Training Dummy,296307.83,SPELL_CAST_SUCCESS,spell:196840
51533,Feral Spirit,Training Dummy,296306.313,SPELL_CAST_SUCCESS,spell:51533
333957,Feral Spirit,Wickedstorm,296306.313,SPELL_AURA_APPLIED,spell:333957
470466,Stormblast,Wickedstorm,296305.263,SPELL_AURA_APPLIED,spell:470466
201846,Stormsurge,Wickedstorm,296305.263,SPELL_AURA_APPLIED,spell:201846
334196,Hailstorm,Wickedstorm,296304.913,SPELL_AURA_APPLIED,spell:334196
342240,Ice Strike,Training Dummy,296304.796,SPELL_AURA_APPLIED,spell:342240
342240,Ice Strike,Training Dummy,296304.796,SPELL_CAST_SUCCESS,spell:342240
384357,Ice Strike,Wickedstorm,296304.796,SPELL_AURA_APPLIED,spell:384357
262652,Forceful Winds,Wickedstorm,296303.196,SPELL_AURA_APPLIED,spell:262652
344179,Maelstrom Weapon,Wickedstorm,296302.796,SPELL_AURA_APPLIED,spell:344179
17364,Stormstrike,Training Dummy,296302.796,SPELL_CAST_SUCCESS,spell:17364
334196,Hailstorm,Wickedstorm,296301.563,SPELL_AURA_APPLIED,spell:334196
454015,Tempest,Wickedstorm,296301.563,SPELL_AURA_APPLIED,spell:454015
466469,Ice Strike,Wickedstorm,296301.431,SPELL_AURA_APPLIED,spell:466469
188196,Lightning Bolt,Training Dummy,296301.431,SPELL_CAST_SUCCESS,spell:188196
17364,Stormstrike,Training Dummy,296300.147,SPELL_CAST_SUCCESS,spell:17364
470466,Stormblast,Wickedstorm,296299.564,SPELL_AURA_APPLIED,spell:470466
201846,Stormsurge,Wickedstorm,296299.564,SPELL_AURA_APPLIED,spell:201846
17364,Stormstrike,Training Dummy,296298.897,SPELL_CAST_SUCCESS,spell:17364
382889,Flurry,Wickedstorm,296297.964,SPELL_AURA_APPLIED,spell:382889
17364,Stormstrike,Training Dummy,296297.63,SPELL_CAST_SUCCESS,spell:17364
470466,Stormblast,Wickedstorm,296296.63,SPELL_AURA_APPLIED,spell:470466
201846,Stormsurge,Wickedstorm,296296.63,SPELL_AURA_APPLIED,spell:201846
17364,Stormstrike,Training Dummy,296296.33,SPELL_CAST_SUCCESS,spell:17364
344179,Maelstrom Weapon,Wickedstorm,296295.18,SPELL_AURA_APPLIED,spell:344179
188196,Lightning Bolt,Training Dummy,296295.08,SPELL_CAST_SUCCESS,spell:188196
17364,Stormstrike,Training Dummy,296293.93,SPELL_CAST_SUCCESS,spell:17364
201846,Stormsurge,Wickedstorm,296293.48,SPELL_AURA_APPLIED,spell:201846
17364,Stormstrike,Training Dummy,296292.663,SPELL_CAST_SUCCESS,spell:17364
470466,Stormblast,Wickedstorm,296291.413,SPELL_AURA_APPLIED,spell:470466
201846,Stormsurge,Wickedstorm,296291.413,SPELL_AURA_APPLIED,spell:201846
344179,Maelstrom Weapon,Wickedstorm,296291.413,SPELL_AURA_APPLIED,spell:344179
17364,Stormstrike,Training Dummy,296291.413,SPELL_CAST_SUCCESS,spell:17364
188196,Lightning Bolt,Training Dummy,296290.163,SPELL_CAST_SUCCESS,spell:188196
470466,Stormblast,Wickedstorm,296289.664,SPELL_AURA_APPLIED,spell:470466
201846,Stormsurge,Wickedstorm,296289.664,SPELL_AURA_APPLIED,spell:201846
344179,Maelstrom Weapon,Wickedstorm,296288.947,SPELL_AURA_APPLIED,spell:344179
382889,Flurry,Wickedstorm,296288.83,SPELL_AURA_APPLIED,spell:382889
454025,Electroshock,Wickedstorm,296288.83,SPELL_AURA_APPLIED,spell:454025
452201,Tempest,Training Dummy,296288.83,SPELL_CAST_SUCCESS,spell:452201
455089,Storm Swell,Wickedstorm,296288.83,SPELL_AURA_APPLIED,spell:455089
454015,Tempest,Wickedstorm,296287.847,SPELL_AURA_APPLIED,spell:454015
344179,Maelstrom Weapon,Wickedstorm,296287.63,SPELL_AURA_APPLIED,spell:344179
454015,Tempest,Wickedstorm,296287.63,SPELL_AURA_APPLIED,spell:454015
334196,Hailstorm,Wickedstorm,296287.53,SPELL_AURA_APPLIED,spell:334196
454394,Unlimited Power,Wickedstorm,296287.53,SPELL_AURA_APPLIED,spell:454394
188196,Lightning Bolt,Training Dummy,296287.53,SPELL_CAST_SUCCESS,spell:188196
262652,Forceful Winds,Wickedstorm,296286.447,SPELL_AURA_APPLIED,spell:262652
382889,Flurry,Wickedstorm,296286.213,SPELL_AURA_APPLIED,spell:382889
17364,Stormstrike,Training Dummy,296286.213,SPELL_CAST_SUCCESS,spell:17364
196840,Frost Shock,Training Dummy,296284.93,SPELL_AURA_APPLIED,spell:196840
196840,Frost Shock,Training Dummy,296284.93,SPELL_CAST_SUCCESS,spell:196840
334196,Hailstorm,Wickedstorm,296283.43,SPELL_AURA_APPLIED,spell:334196
342240,Ice Strike,Training Dummy,296283.331,SPELL_AURA_APPLIED,spell:342240
342240,Ice Strike,Training Dummy,296283.331,SPELL_CAST_SUCCESS,spell:342240
384357,Ice Strike,Wickedstorm,296283.331,SPELL_AURA_APPLIED,spell:384357
344179,Maelstrom Weapon,Wickedstorm,296282.247,SPELL_AURA_APPLIED,spell:344179
452201,Tempest,Training Dummy,296281.797,SPELL_CAST_SUCCESS,spell:452201
334196,Hailstorm,Wickedstorm,296280.363,SPELL_AURA_APPLIED,spell:334196
462131,Awakening Storms,Wickedstorm,296280.263,SPELL_AURA_APPLIED,spell:462131
344179,Maelstrom Weapon,Wickedstorm,296280.263,SPELL_AURA_APPLIED,spell:344179
115356,Windstrike,Training Dummy,296280.263,SPELL_CAST_SUCCESS,spell:115356
466469,Ice Strike,Wickedstorm,296280.263,SPELL_AURA_APPLIED,spell:466469
452201,Tempest,Training Dummy,296280.263,SPELL_CAST_SUCCESS,spell:452201
51533,Feral Spirit,Training Dummy,296278.947,SPELL_CAST_SUCCESS,spell:51533
344179,Maelstrom Weapon,Wickedstorm,296278.23,SPELL_AURA_APPLIED,spell:344179
454015,Tempest,Wickedstorm,296277.197,SPELL_AURA_APPLIED,spell:454015
1239315,Storm's Eye,Wickedstorm,296277.197,SPELL_AURA_APPLIED,spell:1239315
114051,Ascendance,Wickedstorm,296277.197,SPELL_AURA_APPLIED,spell:114051
454025,Electroshock,Wickedstorm,296277.197,SPELL_AURA_APPLIED,spell:454025
333957,Feral Spirit,Wickedstorm,296277.197,SPELL_AURA_APPLIED,spell:333957
452201,Tempest,Training Dummy,296277.197,SPELL_CAST_SUCCESS,spell:452201
470532,Arc Discharge,Wickedstorm,296277.197,SPELL_AURA_APPLIED,spell:470532
455089,Storm Swell,Wickedstorm,296277.197,SPELL_AURA_APPLIED,spell:455089
470466,Stormblast,Wickedstorm,296275.964,SPELL_AURA_APPLIED,spell:470466
201846,Stormsurge,Wickedstorm,296275.847,SPELL_AURA_APPLIED,spell:201846
17364,Stormstrike,Training Dummy,296275.847,SPELL_CAST_SUCCESS,spell:17364
470466,Stormblast,Wickedstorm,296274.681,SPELL_AURA_APPLIED,spell:470466
201846,Stormsurge,Wickedstorm,296274.58,SPELL_AURA_APPLIED,spell:201846
448730,Authority of Radiant Power,Wickedstorm,296274.58,SPELL_AURA_APPLIED,spell:448730
17364,Stormstrike,Training Dummy,296274.58,SPELL_CAST_SUCCESS,spell:17364
470466,Stormblast,Wickedstorm,296273.347,SPELL_AURA_APPLIED,spell:470466
201846,Stormsurge,Wickedstorm,296273.347,SPELL_AURA_APPLIED,spell:201846
17364,Stormstrike,Training Dummy,296273.347,SPELL_CAST_SUCCESS,spell:17364
17364,Stormstrike,Training Dummy,296272.064,SPELL_CAST_SUCCESS,spell:17364
262652,Forceful Winds,Wickedstorm,296270.564,SPELL_AURA_APPLIED,spell:262652
344179,Maelstrom Weapon,Wickedstorm,296270.464,SPELL_AURA_APPLIED,spell:344179
454015,Tempest,Wickedstorm,296269.864,SPELL_AURA_APPLIED,spell:454015
334196,Hailstorm,Wickedstorm,296269.764,SPELL_AURA_APPLIED,spell:334196
454394,Unlimited Power,Wickedstorm,296269.764,SPELL_AURA_APPLIED,spell:454394
188196,Lightning Bolt,Training Dummy,296269.764,SPELL_CAST_SUCCESS,spell:188196
382889,Flurry,Wickedstorm,296268.63,SPELL_AURA_APPLIED,spell:382889
470466,Stormblast,Wickedstorm,296268.53,SPELL_AURA_APPLIED,spell:470466
201846,Stormsurge,Wickedstorm,296268.53,SPELL_AURA_APPLIED,spell:201846
17364,Stormstrike,Training Dummy,296268.43,SPELL_CAST_SUCCESS,spell:17364
196840,Frost Shock,Training Dummy,296267.179,SPELL_AURA_APPLIED,spell:196840
196840,Frost Shock,Training Dummy,296267.179,SPELL_CAST_SUCCESS,spell:196840
17364,Stormstrike,Training Dummy,296265.963,SPELL_CAST_SUCCESS,spell:17364
470466,Stormblast,Wickedstorm,296264.847,SPELL_AURA_APPLIED,spell:470466
201846,Stormsurge,Wickedstorm,296264.847,SPELL_AURA_APPLIED,spell:201846
115356,Windstrike,Training Dummy,296264.847,SPELL_CAST_SUCCESS,spell:115356
188196,Lightning Bolt,Training Dummy,296264.847,SPELL_CAST_SUCCESS,spell:188196
470466,Stormblast,Wickedstorm,296264.114,SPELL_AURA_APPLIED,spell:470466
201846,Stormsurge,Wickedstorm,296264.114,SPELL_AURA_APPLIED,spell:201846
115356,Windstrike,Training Dummy,296263.664,SPELL_CAST_SUCCESS,spell:115356
188196,Lightning Bolt,Training Dummy,296263.664,SPELL_CAST_SUCCESS,spell:188196
470466,Stormblast,Wickedstorm,296262.547,SPELL_AURA_APPLIED,spell:470466
201846,Stormsurge,Wickedstorm,296262.547,SPELL_AURA_APPLIED,spell:201846
115356,Windstrike,Training Dummy,296262.447,SPELL_CAST_SUCCESS,spell:115356
188196,Lightning Bolt,Training Dummy,296262.447,SPELL_CAST_SUCCESS,spell:188196
187874,Crash Lightning,,296261.247,SPELL_CAST_SUCCESS,spell:187874
470466,Stormblast,Wickedstorm,296260.064,SPELL_AURA_APPLIED,spell:470466
201846,Stormsurge,Wickedstorm,296260.064,SPELL_AURA_APPLIED,spell:201846
344179,Maelstrom Weapon,Wickedstorm,296259.964,SPELL_AURA_APPLIED,spell:344179
115356,Windstrike,Training Dummy,296259.964,SPELL_CAST_SUCCESS,spell:115356
188196,Lightning Bolt,Training Dummy,296259.964,SPELL_CAST_SUCCESS,spell:188196
115356,Windstrike,Training Dummy,296258.964,SPELL_CAST_SUCCESS,spell:115356
